Nome;Nucleos;Freq;Preco;Ano;Marca;Amostra
Processador gamer Intel Core i5-9400F BX80684I59400F de 6 núcleos e 2.9GHz de frequência;6;4.1;985;2019;INTEL;1
Processador gamer Intel Core i3-9100F BX80684I39100F de 4 núcleos e 3.6GHz de frequência;4;4.2;635;2019;INTEL;1
Processador gamer Intel Core i5 10400F BX8070110400F de 6 núcleos e 2.9GHz de frequência;6;4.3;1094;2020;INTEL;1
Processador Intel Core i3-10100F BX8070110100F de 4 núcleos e 3.6GHz de frequência;4;4.3;653;2020;INTEL;1
Processador gamer Intel Core 10400 BX8070110400 de 6 núcleos e 2.9GHz de frequência com gráfica integrada;6;4.3;1390;2020;INTEL;1
Processador gamer Intel Core i5-4590 CM8064601560615 de 4 núcleos e 3.3GHz de frequência com gráfica integrada;4;3.7;494;2014;INTEL;1
Processador gamer Intel Core i5-4590 BX80646I54590 de 4 núcleos e 3.3GHz de frequência com gráfica integrada;4;3.7;570;2014;INTEL;1
Processador Intel Core i3 10100 BX8070110100 de 4 núcleos e 3.6GHz de frequência com gráfica integrada;4;4.3;899;2020;INTEL;1
Processador gamer Intel Core i3-6100T CM8066201927102 de 2 núcleos e 3.2GHz de frequência com gráfica integrada;2;3.2;600;2015;INTEL;1
Processador gamer Intel Core i5-7400 CM8067702867050 de 4 núcleos e 3GHz de frequência com gráfica integrada;4;3.5;1220;2017;INTEL;1
Processador Intel Pentium Gold G5420 BX80684G5420 de 2 núcleos e 3.8GHz de frequência com gráfica integrada;2;3.8;489;2019;INTEL;1
Processador gamer Intel Core i7-3520M AV8063801028803 de 2 núcleos e 2.9GHz de frequência com gráfica integrada;2;3.6;498;2012;INTEL;1
Processador gamer Intel Core i5-3470 CM8063701093302 de 4 núcleos e 3.2GHz de frequência com gráfica integrada;4;3.6;336;2012;INTEL;1
Processador gamer Intel Core i5-2400 CM8062300834106 de 4 núcleos e 3.1GHz de frequência com gráfica integrada;4;3.4;348.99;2011;INTEL;1
Processador gamer Intel Core i5-4570 CM8064601464707 de 4 núcleos e 3.2GHz de frequência com gráfica integrada;4;3.6;529;2013;INTEL;1
Processador gamer Intel Core i7-10700 BX8070110700 de 8 núcleos e 2.9GHz de frequência com gráfica integrada;8;4.8;2516.6;2020;INTEL;1
Processador gamer Intel Core i7-4790 CM8064601560113 de 4 núcleos e 3.6GHz de frequência com gráfica integrada;4;4;1084.49;2014;INTEL;1
Processador Intel Pentium G6400 BX80701G6400 de 2 núcleos e 4GHz de frequência com gráfica integrada;2;4;489;2020;INTEL;1
Processador gamer Intel Core i7-4770 CM8064601464303 de 4 núcleos e 3.4GHz de frequência com gráfica integrada;4;3.9;899.49;2013;INTEL;1
Processador gamer Intel Core i7-3770 CM8063701211600 de 4 núcleos e 3.4GHz de frequência com gráfica integrada;4;3.9;899.99;2012;INTEL;1
Processador Intel Core I7 6700 3.4ghz 8mb 6ª Geração Lga1151;4;4;1350;2015;INTEL;1
Processador Intel Core i3-9100 BX80684I39100 de 4 núcleos e 3.6GHz de frequência com gráfica integrada;4;4.2;820;2019;INTEL;1
Processador gamer Intel Celeron G1820 BX80646G1820 de 2 núcleos e 2.7GHz de frequência com gráfica integrada;2;2.7;197;2013;INTEL;1
Processador gamer Intel Core i5 10600K BX8070110600K de 6 núcleos e 4.1GHz de frequência com gráfica integrada;6;4.8;2350;2020;INTEL;1
Processador Intel Core i3-3110M AV8063801032800 de 2 núcleos e 2.4GHz de frequência com gráfica integrada;2;2.4;59;2012;INTEL;1
Processador gamer Intel Core i9-9900K BX80684I99900K de 8 núcleos e 3.6GHz de frequência com gráfica integrada;8;5;3479;2018;INTEL;1
Processador gamer Intel Pentium G4560 BX80677G4560 de 2 núcleos e 3.5GHz de frequência com gráfica integrada;2;3.5;507.69;2017;INTEL;1
Processador Intel Core 10700F BX8070110700F de 8 núcleos e 2.9GHz de frequência;8;4.8;2100;2020;INTEL;1
Processador Intel Pentium G3450t 2.9ghz Lga 1150 Tray;2;2.9;199;2014;INTEL;1
Processador gamer Intel Core i3-7100 BX80677I37100 de 2 núcleos e 3.9GHz de frequência com gráfica integrada;2;3.9;529.99;2017;INTEL;1
Processador gamer Intel Core i5-6500 CM8066201920404 de 4 núcleos e 3.2GHz de frequência com gráfica integrada;4;3.6;949;2015;INTEL;1
Processador gamer Intel Celeron G3930 BX80677G3930 de 2 núcleos e 2.9GHz de frequência com gráfica integrada;2;2.9;425.13;2017;INTEL;1
Processador gamer Intel Core i5-2500 BX80623I52500 de 4 núcleos e 3.3GHz de frequência com gráfica integrada;4;3.7;349.99;2011;INTEL;1
Processador Intel Core I5 9400f 2.9ghz 9mb Lga1151 9ªger;6;4.1;1039;2019;INTEL;1
Processador Intel Core I3 9100f Lga 1151 Bx80684i39100f;4;4.2;669;2019;INTEL;1
Processador Intel Core I3-10100 6mb 3.6ghz - 4.3ghz Lga 1200;4;4.3;899;2020;INTEL;1
Processador Intel Core I5 10400f Comet Lake Bx8070110400f;6;4.3;1270.79;2020;INTEL;1
Processador Intel Core I9 9900k 3,6 Ghz 9º Ger Bx80684i99900;8;5;3449;2018;INTEL;1
Processador Intel Core I3-7100 3.9ghz Lga1151;2;3.9;710.17;2017;INTEL;1
Processador gamer Intel Core i3-2100 BX80623I32100 de 2 núcleos e 3.1GHz de frequência com gráfica integrada;2;3.1;185;2011;INTEL;1
Processador gamer Intel Core i3-4170 CM8064601483645 de 2 núcleos e 3.7GHz de frequência com gráfica integrada;2;3.7;469.99;2015;INTEL;1
Cpu G620 Dual Core 2.60ghz Soquete 1155 Segunda Geração!!!;2;2.6;39.49;2011;INTEL;1
Processador Intel Core i3-3110M AV8063801032800 de 2 núcleos e 2.4GHz de frequência com gráfica integrada;2;2.4;59;2012;INTEL;1
Processador Intel Core I7-9700k 12mb 3.6 - 4.9ghz Lga 1151;8;4.9;3099;2018;INTEL;1
Processador Intel I7 4790 1150 3.6ghz 8mb 4 Geração Oem;4;4;999;2014;INTEL;1
Processador gamer Intel Core i7-6700 CM8066201920103 de 4 núcleos e 3.4GHz de frequência com gráfica integrada;4;4;1350;2015;INTEL;1
Processador gamer Intel Core i7 10700K BX8070110700K de 8 núcleos e 3.8GHz de frequência com gráfica integrada;8;5.1;2540;2020;INTEL;1
Processador Intel Core 10700F BX8070110700F de 8 núcleos e 2.9GHz de frequência;8;4.8;2100;2020;INTEL;1
Processador gamer Intel Celeron G3930 BX80677G3930 de 2 núcleos e 2.9GHz de frequência com gráfica integrada;2;2.9;425.13;2017;INTEL;1
Processador gamer Intel Core i3-7350K BX80677I37350K de 2 núcleos e 4.2GHz de frequência com gráfica integrada;2;4.2;866;2017;INTEL;1
Processador Intel Core i3-550 BX80616I3550 de 2 núcleos e 3.2GHz de frequência com gráfica integrada;2;3.2;145.99;2010;INTEL;1
Processador gamer Intel Core i7-6700 BX80662I76700 de 4 núcleos e 3.4GHz de frequência com gráfica integrada;4;4;1630;2015;INTEL;1
Processador gamer Intel Core i5-7500 CM8067702868012 de 4 núcleos e 3.4GHz de frequência com gráfica integrada;4;3.8;1380;2017;INTEL;1
Processador Intel Core I7 6700 3.4ghz 8mb 6ª Geração Lga1151;4;4;1350;2015;INTEL;1
Processador gamer Intel Core i3-8100 CM8068403377308 de 4 núcleos e 3.6GHz de frequência com gráfica integrada;4;3.6;1094.99;2017;INTEL;1
Processador Intel Core I5 4570 3.20ghz - Lga 1150 4 Ger Oem;4;3.6;549.9;2013;INTEL;1
Processador gamer Intel Pentium Gold G5400 BX80684G5400 de 2 núcleos e 3.7GHz de frequência com gráfica integrada;2;3.7;533.6;2018;INTEL;1
Processador gamer Intel Core i5-7500T CM8067702868115 de 4 núcleos e 2.7GHz de frequência com gráfica integrada;4;3.3;990;2017;INTEL;1
Processador gamer Intel Core i5-8500T CM8068403362509 de 6 núcleos e 2.1GHz de frequência com gráfica integrada;6;3.5;1149.9;2018;INTEL;1
Processador gamer Intel Core i7-3770 CM8063701211600 de 4 núcleos e 3.4GHz de frequência com gráfica integrada;4;3.9;899.99;2012;INTEL;1
Processador gamer Intel Core i5-3570S CM8063701093901 de 4 núcleos e 3.1GHz de frequência com gráfica integrada;4;3.8;349.9;2012;INTEL;1
Processador gamer Intel Core i5-7400 BX80677I57400 de 4 núcleos e 3GHz de frequência com gráfica integrada;4;3.5;1195;2017;INTEL;1
Processador gamer Intel Core i3-3220 CM8063701137502 de 2 núcleos e 3.3GHz de frequência com gráfica integrada;2;3.3;179.99;2012;INTEL;1
Processador Intel Core i7-720QM BY80607002907AH de 4 núcleos e 1.6GHz de frequência;4;2.8;329.99;2009;INTEL;1
Processador Intel Core i5-9500 BX80684I59500 de 6 núcleos e 3GHz de frequência com gráfica integrada;6;4.4;1100;2019;INTEL;1
Processador Intel Core I5 3470 Max 3.6ghz Lga 1155 Gamer;4;3.6;399.99;2012;INTEL;1
Processador gamer Intel Core i5-7500 CM8067702868012 de 4 núcleos e 3.4GHz de frequência com gráfica integrada;4;3.8;1380;2017;INTEL;1
Processador gamer Intel Core i5-3570 BX80637I53570 de 4 núcleos e 3.4GHz de frequência com gráfica integrada;4;3.8;399;2012;INTEL;1
Processador Intel Core I5-9400f 9mb 2.9 - 4.1ghz Lga 1151;6;4.1;1035;2019;INTEL;1
Processador Intel Core I3-10100 6mb 3.6ghz - 4.3ghz Lga 1200;4;4.3;899;2020;INTEL;1
Processador Intel Core I5 10400f Comet Lake Bx8070110400f;6;4.3;1270.79;2020;INTEL;1
Processador Intel Core I5-10400 2.90ghz Lga1200 10º Geração;6;4.3;1568.12;2020;INTEL;1
Cpu G620 Dual Core 2.60ghz Soquete 1155 Segunda Geração!!!;2;2.6;39.49;2011;INTEL;1
Processador Intel Core I5 3470 Max 3.6ghz Lga 1155 Gamer;4;3.6;359.99;2012;INTEL;1
Processador Intel Pentium G6400 4ghz Gráfico Integrado;2;4;502.49;2020;INTEL;1
Processador Core I3 3220 3.3ghz Socket Lga 1155 Oem;2;3.3;255;2012;INTEL;1
Processador Intel Core I5 3470s Lga 1155 3º Geração;4;3.6;389;2012;INTEL;1
Processador Intel Celeron Dual Core G1820 2.7ghz Lga 1150;2;2.7;176.25;2013;INTEL;1
Processador Intel Core I3-9100 6mb 3.6ghz - 4.2ghz Lga 1151;4;4.2;779;2019;INTEL;1
Processador Intel Celeron G5905 BX80701G5905 de 2 núcleos e 3.5GHz de frequência com gráfica integrada;2;3.5;310.72;2020;INTEL;1
Processador gamer Intel Core i5-9400 BX80684I59400 de 6 núcleos e 2.9GHz de frequência com gráfica integrada;6;4.1;1329;2019;INTEL;1
Processador Intel Core I5-3210m 3m 3.10ghz Sr0mz;2;3.1;120;2012;INTEL;1
Cpu G620 Dual Core 2.60ghz Soquete 1155 Segunda Geração!!!;2;2.6;39.49;2011;INTEL;1
Processador gamer Intel Core i5-3570S CM8063701093901 de 4 núcleos e 3.1GHz de frequência com gráfica integrada;4;3.8;349.9;2012;INTEL;1
Processador gamer Intel Core i3-4160 BX80646I34160 de 2 núcleos e 3.6GHz de frequência com gráfica integrada;2;3.6;319.84;2014;INTEL;1
Cpu Processador Intel G2020 Soquete 1155 / 2,9 Ghz;2;2.9;79.99;2013;INTEL;1
Processador gamer Intel Pentium G2030 CM8063701450000 de 2 núcleos e 3GHz de frequência com gráfica integrada;2;3;121;2013;INTEL;1
Processador Intel Core I3 7100 Lga 1151 3.9ghz 7ª Geração;2;3.9;749.9;2017;INTEL;1
Processador Intel Core I5 9400f Coffee Lake 2.9ghz, Lga 1151;6;4.1;1029;2019;INTEL;1
Processador 1200 Core I5 10400f Intel;6;4.3;1590.85;2020;INTEL;1
Processador Intel Pentium Gold G5420 3.80ghz Lga1151 8ª Ger.;2;3.8;527.73;2019;INTEL;1
Processador Intel Core I3 10100f Cache 6mb 4.30ghz Lga 1200;4;4.3;699.9;2020;INTEL;1
Cpu G620 Dual Core 2.60ghz Soquete 1155 Segunda Geração!!!;2;2.6;39.49;2011;INTEL;1
Pentium Dual Core G645 Socket 1155 2.90 Ghz C/ Garantia;2;2.9;49.8;2012;INTEL;1
Processador Intel Core I3 10100 3.6ghz 4.3ghz Comet Lake 6mb;4;4.3;899.37;2020;INTEL;1
Processador Intel Core I7-10700 2.90ghz (4.8ghz) Lga1200;8;4.8;2957.33;2020;INTEL;1
Processador Intel Core I3-7100 3.9ghz Lga1151;2;3.9;710.17;2017;INTEL;1
Processador Intel Core I3-9100f 6mb 3.6 - 4.2ghz Lga 1151;4;4.2;729;2019;INTEL;1
Processador gamer Intel Core i7-7700 CM8067702868314 de 4 núcleos e 3.6GHz de frequência com gráfica integrada;4;4.2;1999;2017;INTEL;1
Processador Gamer Intel Core I3-2100 3.1ghz;2;3.1;179;2011;INTEL;1
Processador Intel Core I7 7700k 4.5ghz 8mb Lga 1151;4;4.5;2300;2017;INTEL;1
Processador gamer Intel Core i7 10700K BX8070110700K de 8 núcleos e 3.8GHz de frequência com gráfica integrada;8;5.1;2540;2020;INTEL;1
Processador Intel Celeron Dual Core G1820 2.7ghz Lga 1150;2;2.7;159.8;2013;INTEL;1
Processador gamer Intel Core i5-2500 CM8062300834203 de 4 núcleos e 3.3GHz de frequência com gráfica integrada;4;3.7;296;2011;INTEL;1
Processador gamer Intel Core i5-2500 BX80623I52500 de 4 núcleos e 3.3GHz de frequência com gráfica integrada;4;3.7;349.99;2011;INTEL;1
Processador Intel Core I7-9700k 12mb 3.6 - 4.9ghz Lga 1151;8;4.9;3099;2018;INTEL;1
Processador gamer Intel Pentium Gold G5400 BX80684G5400 de 2 núcleos e 3.7GHz de frequência com gráfica integrada;2;3.7;533.6;2018;INTEL;1
Processador Gamer Intel Core I5-3330 - Novo Oem - No Blister;4;3.2;332.98;2012;INTEL;1
Processador Intel Pentium G2030 3.00ghz 3mb Lga 1155;2;3;120;2013;INTEL;1
Processador gamer Intel Core i5-7500 BX80677I57500 de 4 núcleos e 3.4GHz de frequência com gráfica integrada;4;3.8;1299;2017;INTEL;1
Processador Intel Core I5-10400 2.90ghz Lga1200 10º Geração;6;4.3;1568.12;2020;INTEL;1
Processador Core I5 10400f 2,90ghz 12mb Lga1200;6;4.3;1331.01;2020;INTEL;1
Processador Gamer Intel Core I5-3330 - Novo Oem - No Blister;4;3.2;332.98;2012;INTEL;1
Processador Intel Pentium Gold G5420 3.80ghz Lga1151 8ª Ger.;2;3.8;527.73;2019;INTEL;1
Processador Gamer Intel Core I5-3470 3.2ghz Com Grafico Intg;4;3.6;397.9;2012;INTEL;1
Core I5 8500t 1151 2.1 3.5 Tdp 35w 8ª Geração + Cooler Intel;6;3.5;1320;2018;INTEL;1
Processador Intel Core I5 9400f 2.9ghz 9mb Lga1151 9ªgeração;6;4.1;999;2019;INTEL;1
Processador Intel Core I3 10100f Cache 6mb 4.30ghz Lga 1200;4;4.3;699.9;2020;INTEL;1
Intel Pentium Gold G6400 Dual-core 4.0ghz 4mb Skt1200;2;4;532;2020;INTEL;1
Processador Intel Core I5 9400f 2.9ghz 9mb Lga1151 9ªgeração;6;4.1;1099;2019;INTEL;1
Processador Intel Core I5 3470 Max 3.6ghz Lga 1155 Gamer;4;3.6;359.99;2012;INTEL;1
Core I7 4790 Lga Socket 1150 3.6 A 4.0 Ghz Oem Frete Grátis;4;4;1180;2014;INTEL;1
Processador Intel I5-2400 Oem, Promoção;4;3;369.9;2010;INTEL;1
Processador 1155 Intel Core I3 3220 3.30ghz Oem 3° Geração;2;3.3;236.06;2012;INTEL;1
Processador Celeron G3930 Lga 1151 Intel 7º Geração 2.9ghz;2;2.9;425.13;2017;INTEL;1
Processador Intel Core I9 9900k 3,6 Ghz 9º Ger Bx80684i99900;8;5;3269;2018;INTEL;1
Processador Core I3 3220 3.3ghz Socket Lga 1155 Oem;2;3.3;255;2012;INTEL;1
Processador Intel Celeron G4930 BX80684G4930 de 2 núcleos e 3.2GHz de frequência com gráfica integrada;2;3.2;355.57;2019;INTEL;1
Processador gamer Intel Core i7-7740X BX80677I77740X de 4 núcleos e 4.3GHz de frequência;4;4.5;1000;2017;INTEL;1
Processador gamer Intel Core i7-8700 BX80684I78700 de 6 núcleos e 3.2GHz de frequência com gráfica integrada;6;4.6;1990;2017;INTEL;1
Processador gamer Intel Core i3-6100 CM8066201927202 de 2 núcleos e 3.7GHz de frequência com gráfica integrada;2;3.7;559;2015;INTEL;1
Processador Intel Core i3-3240 BX80637I33240 de 2 núcleos e 3.4GHz de frequência com gráfica integrada;2;3.4;230;2012;INTEL;1
Processador gamer Intel Core i5-3330 BX80637I53330 de 4 núcleos e 3GHz de frequência com gráfica integrada;4;3.2;150;2012;INTEL;1
Processador gamer Intel Celeron G4900 BX80684G4900 de 2 núcleos e 3.1GHz de frequência com gráfica integrada;2;3.1;329;2018;INTEL;1
Processador gamer Intel Core i7-4790 BX80646I74790 de 4 núcleos e 3.6GHz de frequência com gráfica integrada;4;4;950;2014;INTEL;1
Processador gamer Intel Core i3-4130 BX80646I34130 de 2 núcleos e 3.4GHz de frequência com gráfica integrada;2;3.4;340;2013;INTEL;1
Processador gamer Intel Core i7 10700K Avengers Edition BX8070110700KA de 8 núcleos e 3.8GHz de frequência com gráfica integrada;8;5.1;3299;2020;INTEL;1
Processador Intel Core 2 Duo E7500 2.93ghz Lga 775 Fsb 1066;2;2.9;49.99;2009;INTEL;1
Processador Intel Core i7-9700 BX80684I79700 de 8 núcleos e 3GHz de frequência com gráfica integrada;8;4.7;2285.23;2019;INTEL;1
Processador Intel Core 2 Duo E8600 3.33ghz;2;3.3;147;2008;INTEL;1
Processador Gamer Intel Core I5-9400f Bx80684i59400f De 6 Nú;6;4.1;1049;2019;INTEL;1
Cpu G620 Dual Core 2.60ghz Soquete 1155 Segunda Geração!!!;2;2.6;39.49;2011;INTEL;1
Processador Intel Core I5 10400f, 2.90ghz, 10ª Geração;6;4.3;1099;2020;INTEL;1
Processador Intel Core I3-10100f 3.60ghz (4.3ghz) Lga1200;4;4.3;789.44;2020;INTEL;1
Processador Intel Core I3-550 3,2 Ghz 4mb Cache Lga 1156 +nf;2;3.2;199.9;2010;INTEL;1
Processador Intel Core I3 7350k 7ª Ger. Lga 1151 Sem Cooler;2;4.2;941.48;2017;INTEL;1
Processador Intel Core I3-540 3.06ghz Cache 4mb Oem Lga 1156;4;3;129;2010;INTEL;1
Processador Intel Core I5 9400 6 Core 4.1gh Turbo 9mb Uhd630;6;4.1;1599;2019;INTEL;1
Processador Intel Core 2 Duo T6400 Cache 2m, 2,00ghz Pga 478;2;2;49.99;2009;INTEL;1
Processador Intel Core 2 Quad Q9500 2,83ghz 6mb Fsb 1333;4;2.8;159.99;2010;INTEL;1
Processador Intel I7 4.00ghz Lga1150 4ª Geração I7-4790 Oem;4;4;1789.9;2014;INTEL;1
Processador Intel Core I3 350m Cache 3m, 2.26 Ghz Pga988;2;2.2;99.99;2010;INTEL;1
Processador Intel Core 2 Duo E6300 BX80557E6300 de 2 núcleos e 1.86GHz de frequência;2;1.8;89;2006;INTEL;1
Processador gamer Intel Core i7-9700F BX80684I79700F de 8 núcleos e 3GHz de frequência;8;4.7;2320;2019;INTEL;1
Processador Intel Core I5-10400 12mb 2.9ghz 4.3ghz Lga 1200;6;4.3;1631.9;2020;INTEL;1
Processador Intel Pentium 4 631 Cache De 2m 3ghz Lga775;1;3;59.99;2006;INTEL;1
Processador Intel Core I3-2100 3.1ghz Lga1155 Oem + Pasta;2;3.1;175;2011;INTEL;1
Processador Lga 775 Pentium 4 3.0ghz 2mb Sl7z9 Prescott Novo;1;3;35;2005;INTEL;1
Processador Intel Pentium B950 2m 2,10ghz Pga988 2ª Geração;2;2.1;99;2011;INTEL;1
Processador Intel G1610 / 2.6 Ghz / Lga 1155 / 3º Geração;2;2.6;84.49;2013;INTEL;1
Processador 1155 Intel Celeron G550 2.60ghz Novo Lacrado Oem;2;2.6;69.9;2012;INTEL;1
Processador I5 2500 3.3 Ghz Lga 1155 2a Geração;4;3.7;299;2011;INTEL;1
Processador Intel Core2 Quad Q6600 2.40ghz + Pasta Térmica;4;2.4;135;2007;INTEL;1
Processador Gamer Intel Core I3 4160 Lga 1150 Novo Box;2;3.6;470;2014;INTEL;1
Processador Intel Core I3-7100 3.9ghz Lga1151 7° Geração;2;3.9;789.99;2017;INTEL;1
Processador Intel Core I5 4590 Socket 1150 3,3 Ghz E Cooler;4;3.7;690;2014;INTEL;1
Processador Intel Core I5 9400 6 Core 4.1gh Turbo 9mb Uhd630;6;4.1;1599;2019;INTEL;1
Processador Gamer Intel Core I5-3470 3.2ghz Com Grafico Intg;4;3.6;397.9;2012;INTEL;1
Processador Intel Pentium G6400 4ghz Gráfico Integrado;2;4;502.49;2020;INTEL;1
Processador gamer Intel Core i9 10900 BX8070110900 de 10 núcleos e 2.8GHz de frequência com gráfica integrada;10;5.2;3866.57;2020;INTEL;1
Cpu G620 Dual Core 2.60ghz Soquete 1155 Segunda Geração!!!;2;2.6;39.49;2011;INTEL;1
Processador Intel Core I7 3770 3.4ghz Lga 1155 Sem Cooler;4;3.9;989;2012;INTEL;1
Processador Intel Core I5 9400f 2.9ghz 9mb Lga1151 9ªgeração;6;4.1;999;2019;INTEL;1
Processador Intel Core I5 10400f Comet Lake Bx8070110400f;6;4.3;1314.12;2020;INTEL;1
Processador Intel Core I3 10100f 3.6ghz Cache 6mb 10 Geracao;4;4.3;731.5;2020;INTEL;1
Processador Intel Core I9 9900k Coffee Lake 9a Geração;8;5;3488.69;2018;INTEL;1
Processador Intel Hexa Core I5 10400 2,90ghz 12mb Lga 1200;6;4.3;1507.01;2020;INTEL;1
Processador Intel Core I5 3470 3.2 - 3.6ghz 6mb Lga 1155;4;3.6;429.99;2012;INTEL;1
Processador Intel I7 6700 4.0 Ghz Lga 1151 Garantia 1 Ano!;4;4;1550;2015;INTEL;1
Processador Gamer Intel Core I3-2100 3.1ghz;2;3.1;179;2011;INTEL;1
Processador gamer Intel Core i3-3240 CM8063701137900 de 2 núcleos e 3.4GHz de frequência com gráfica integrada;2;3.4;197;2012;INTEL;1
Processador Intel Core I3 7350k 7ª Ger. Lga 1151 Sem Cooler;2;4.2;941.48;2017;INTEL;1
Processador gamer Intel Pentium G3220 BX80646G3220 de 2 núcleos e 3GHz de frequência com gráfica integrada;2;3;209.99;2013;INTEL;1
Processador Intel Core I7-9700k 12mb 3.6 - 4.9ghz Lga 1151;8;4.9;3206.3;2018;INTEL;1
Processador Intel Pentium 4 631 Cache De 2m 3ghz Lga775;1;3;59.99;2006;INTEL;1
Processador Intel Core I5 4690 3.9ghz 4690 4670 4790 4590;4;3.9;649.99;2014;INTEL;1
Processador Core I3 Lga I3-7100 3.90ghz 3mb Cache  7 Ger;2;3.9;694.88;2017;INTEL;1
Processador Intel Core i3-530 BX80616I3530 de 2 núcleos e 2.93GHz de frequência com gráfica integrada;2;2.9;188;2010;INTEL;1
Processador Core I5 3570 Terceira Geração 3.4ghz- 3.8ghz Top;4;3.8;449;2012;INTEL;1
Processador gamer AMD Ryzen 5 3600 100-100000031BOX de 6 núcleos e 3.6GHz de frequência;6;4.2;1490;2019;AMD;1
Processador gamer AMD Ryzen 3 3200G YD3200C5FHBOX de 4 núcleos e 3.6GHz de frequência com gráfica integrada;4;4;869;2019;AMD;1
Processador gamer AMD A6-Series A6-7480 AD7480ACABBOX de 2 núcleos e 3.5GHz de frequência com gráfica integrada;2;3.8;261;2014;AMD;1
Processador gamer AMD Ryzen 3 2200G YD2200C5FBBOX de 4 núcleos e 3.5GHz de frequência com gráfica integrada;4;3.7;765;2018;AMD;1
Processador gamer AMD Ryzen 5 2600 YD2600BBAFBOX de 6 núcleos e 3.4GHz de frequência;6;3.9;1450;2018;AMD;1
Processador gamer AMD Ryzen 7 3700X 100-100000071BOX de 8 núcleos e 3.6GHz de frequência;8;4.4;2598.98;2019;AMD;1
Processador gamer AMD Ryzen 5 3400G YD3400C5FHBOX de 4 núcleos e 3.7GHz de frequência com gráfica integrada;4;4.2;1460;2019;AMD;1
Processador gamer AMD Ryzen 5 3600X 100-100000022BOX de 6 núcleos e 3.8GHz de frequência;6;4.4;1800;2019;AMD;1
Processador gamer AMD Ryzen 7 3800X 100-100000025BOX de 8 núcleos e 3.9GHz de frequência;8;4.5;2680;2019;AMD;1
Processador gamer AMD Ryzen 5 2400G YD2400C5FBBOX de 4 núcleos e 3.6GHz de frequência com gráfica integrada;4;3.9;1239.9;2018;AMD;1
Processador gamer AMD A8-9600 AD9600AGABBOX de 4 núcleos e 3.1GHz de frequência com gráfica integrada;4;3.4;523.58;2016;AMD;1
Processador gamer AMD Ryzen 5 2600 YD2600BBAFMPK de 6 núcleos e 3.4GHz de frequência;6;3.9;1000;2018;AMD;1
Processador gamer AMD Ryzen 9 3900X 100-100000023BOX de 12 núcleos e 3.8GHz de frequência;12;4.6;4618;2019;AMD;1
Processador gamer AMD Ryzen 5 2600X YD260XBCAFBOX de 6 núcleos e 3.6GHz de frequência;6;4.2;1878.36;2018;AMD;1
Processador gamer AMD Ryzen 5 1600 YD1600BBAEBOX de 6 núcleos e 3.2GHz de frequência;6;3.6;1099.49;2017;AMD;1
Processador gamer AMD Ryzen 5 2400G YD2400C5M4MFB de 4 núcleos e 3.6GHz de frequência com gráfica integrada;4;3.9;1400;2018;AMD;1
Processador gamer AMD A8-9600 AD9600AGM44AB de 4 núcleos e 3.1GHz de frequência com gráfica integrada;4;3.4;429.9;2016;AMD;1
Processador gamer AMD Ryzen 5 1600 YD1600BBM6IAE de 6 núcleos e 3.2GHz de frequência;6;3.6;1099.49;2017;AMD;1
Processador AMD Ryzen 9 3950X 100-100000051WOF de 16 núcleos e 3.5GHz de frequência;16;4.7;6790;2019;AMD;1
Processador Amd Ryzen 5 3600 Box 6 Núcleos 3.6gh Frequência;6;4.2;1400;2019;AMD;1
Processador Gamer Athlon Ii X4 635 Am3;4;2.9;159;2012;AMD;1
Processador Ryzen 5 3600 3.6ghz 4.2ghz Frequência Máx. Amd;6;4.2;1429;2019;AMD;1
Processador Ryzen 5 3600 3.6ghz 4.2ghz Frequência Máx. Amd;6;4.2;1539;2019;AMD;1
Processador Amd Ryzen 3 2200g 3.5ghz Vega Am4 Quad Core + Nf;4;3.7;738;2018;AMD;1
Processador Ryzen 5 3600 3.6ghz 4.2ghz Frequência Máx. Amd;6;4.2;1429;2019;AMD;1
Processador Amd Ryzen 3 2200g 6mb 3.5 - 3.7ghz Am4;4;3.7;765;2018;AMD;1
Processador Amd Ryzen 3 3200g 6mb 3.6 - 4.0ghz Am4;4;4;919;2019;AMD;1
Processador Amd Athlon 3000g Cache 5mb 3.5ghz Am4 Yd3000c6fh;2;3.5;511.84;2019;AMD;1
Processado Amd Phenom Ii X4 955 3.20 Ghz 6 Mb Socket Am3;4;3.2;269.99;2010;AMD;1
Processador Amd Fx 6300 Socket Am3+ Com Pasta Térmica Gd900;6;4.1;439.99;2012;AMD;1
Processador Amd Ryzen 3 3200g 3.6ghz Cache 6mb Yd3200c5fhbox;4;4;920;2019;AMD;1
Processador Amd A4 5300 3.4 Ghz Dual Core 65w Socket Fm2;2;3.6;159.99;2012;AMD;1
Processador Amd Ryzen 3 3200g, Cache 4mb, 3.6ghz (4ghz Max T;4;4;913.01;2019;AMD;1
Processador Amd Ryzen 5 3600 100-100000031box 6 Núcleos;6;4.2;1860.01;2019;AMD;1
Processador Gamer Amd Ryzen 5 5600x 35mb 3.7 - 4.6ghz Am4;6;4.6;2540;2020;AMD;1
Processador Amd A4 5300 3.4 Ghz Dual Core 65w Socket Fm2;2;3.6;129.99;2012;AMD;1
Processador Amd Ryzen 3 3200g 3.6ghz/4ghz 6mb Am4;4;4;1002.28;2019;AMD;1
Processador Amd A4 5300 Socket Fm2 + Cpu Cooler E Gd900;2;3.6;249.99;2012;AMD;1
Processador Amd Ryzen 3 2200g Socket Am4 3.5ghz(3.7 Ghz) 6mb;4;3.7;802.16;2018;AMD;1
Processador Amd Ryzen 3 3200g 6mb 3.6 - 4.0ghz Am4;4;4;879;2019;AMD;1
Processador Amd Ryzen 5 2600 De 6 Núcleos E 3.4ghz;6;3.9;1375.36;2018;AMD;1
Processador Amd Phenom Ii X2 550, 3.1 Ghz, Dual-core, Am3;2;3.1;74.49;2009;AMD;1
Processador Amd Ryzen R5 3600 (am4) 4.2 Ghz - 100-100000031b;6;4.2;1791.01;2019;AMD;1
Processador Amd Ryzen R3 3200g (am4) 4.0 Ghz - Yd3200c5fhbox;4;4;981.01;2019;AMD;1
Processador Amd Athlon X2 7750 Am2 Am2+ Com Pasta Térmica;2;2.7;139.99;2008;AMD;1
Processador Amd Ryzen 5 5600x 32mb 3.7 - 4.6ghz Am4;6;4.6;2800;2019;AMD;1
Processador Amd Ryzen 3 2200g 6mb 3.5 - 3.7ghz Am4;4;3.7;739;2018;AMD;1
Processador Amd Phenom Ii X2 550, 3.1 Ghz, Am3;2;3.1;74.49;2009;AMD;1
Processador Amd Ryzen 5 3400g 3.7ghz/4.2ghz 6mb Am4;4;4.2;1481.94;2019;AMD;1
Processador Amd Ryzen 5 3600-3.6ghz 35mb - Yd3600bbafbox;6;4.2;1790;2019;AMD;1
Processador Amd Ryzen 5 3400g Cache 6mb 3.7ghz Am4 Vega 11;4;4.2;1480;2019;AMD;1
Processador Gamer Amd Ryzen 5 5600x Ddr4 Am4 Com Cooler;6;4.6;2780;2020;AMD;1
Processador Amd Dual Core A6 7480 3,8ghz Fm2+ Ad7480acabbox;2;3.8;375;2014;AMD;1
Processador Amd Phenom Ii X2 550, 3.1 Ghz, Dual-core, Am3;2;3.1;74.49;2009;AMD;1
Processador Amd Ryzen 5 3600 Cache 32mb 4.2ghz Am4 S/ Video;6;4.2;1850.23;2019;AMD;1
Processador Gamer Amd Ryzen 5 5600x Ddr4 Am4 Com Cooler;6;4.6;2780;2020;AMD;1
Processador Amd Ryzen 3 3200g 6mb 3.6 - 4.0ghz Am4;4;4;919;2019;AMD;1
Processador Amd Ryzen 3 2200g 6mb 3.5 - 3.7ghz Am4;4;3.7;765;2018;AMD;1
Processador Amd Athlon 3000g Cache 5mb 3.5ghz Am4 Yd3000c6fh;2;3.5;511.84;2019;AMD;1
Processador Amd Ryzen 5 3600x 3.8ghz Ddr4 Am4 32mb Cache;6;4.4;2150.91;2019;AMD;1
Processador Amd Ryzen 7 3700x 3.6ghz Cache 36mb Yd370xbgafbo;8;4.4;2840;2019;AMD;1
Processador Amd Ryzen 5 3400g Cache 6mb 3.7ghz Am4 Vega 11;4;4.2;1480;2019;AMD;1
Processador Amd Dual Core A6 7480 3,8ghz Fm2+ Ad7480acabbox;2;3.8;375;2014;AMD;1
Novo  Processador Amd Ryzen 7 3800x 3.9ghz 32mb Am4 Wraith;8;4.5;2965;2019;AMD;1
Processador Amd Ryzen 7 2700x, Cooler Wraith Prism, Cache 20;8;4.3;2399.9;2018;AMD;1
Processador Amd Phenom Ii X4 955 (3.2ghz) Socket Am2+ Am3;4;3.2;279;2010;AMD;1
Processador Gamer Am4 Amd Ryzen 5 2600 6 Núcleos 3.4ghz Oem;6;3.9;1533;2018;AMD;1
Processador Amd Apu A8 9600 R7 3.4ghz Box Bristol Am4 2mb;4;3.4;561.26;2016;AMD;1
Processador Amd A4 5300 Socket Fm2 + Pasta Térmica Seringa;2;3.6;169.99;2012;AMD;1
Processado Amd Phenom Ii X4 955 3.20 Ghz 6 Mb Socket Am3;4;3.2;259.99;2010;AMD;1
Cpu Amd Phenom Ii X2 Hdz555, 3.2 Ghz, Am3;2;3.2;114.49;2010;AMD;1
Processador Gamer Ryzen 7 1700 3,7ghz Turbo Am4;8;3.7;999.99;2017;AMD;1
Processador Amd Am4 Ryzen 5 2400g 3.9ghz Cooler Radeon Vega;4;3.9;1299.01;2018;AMD;1
Processador Amd Athlon X2 7750 2,70ghz 1mb Socket Am2 Am2+;2;2.7;109.99;2008;AMD;1
Processador Amd Phenom Ii X2 550, 3.1 Ghz, Am3;2;3.1;74.49;2009;AMD;1
Processador Amd Athlon Ii X4 610e 2,4 Ghz / Am3;4;2.4;169.49;2010;AMD;1
Processador gamer AMD A8-9600 AD9600AGM44AB de 4 núcleos e 3.1GHz de frequência com gráfica integrada;4;3.4;429.9;2016;AMD;1
Processador gamer AMD Ryzen 7 2700X YD270XBGM88AF de 8 núcleos e 3.7GHz de frequência;8;4.3;1500;2018;AMD;1
Processador AMD A4-Series A4-6300 AD6300OKHLBOX de 2 núcleos e 3.7GHz de frequência com gráfica integrada;2;3.9;200;2013;AMD;1
Processador AMD Ryzen 9 3950X 100-100000051 de 16 núcleos e 3.5GHz de frequência;16;4.7;6790;2019;AMD;1
Processador gamer AMD Ryzen Threadripper 2990WX YD299XAZAFWOF de 32 núcleos e 3GHz de frequência;32;4.2;15320;2018;AMD;1
Processador gamer AMD Athlon 200GE YD200GC6FBBOX de 2 núcleos e 3.2GHz de frequência com gráfica integrada;2;3.2;519;2018;AMD;1
Processador gamer AMD Ryzen 7 1700X YD170XBCAEWOF de 8 núcleos e 3.4GHz de frequência;8;3.8;1309.8;2017;AMD;1
Processador AMD Ryzen Threadripper 3960X 100-100000010WOF de 24 núcleos e 3.8GHz de frequência;24;4.5;9690;2019;AMD;1
Processador Amd Ryzen 7 3700x 3ª Geração Envio Imediato;8;4.4;2860;2019;AMD;1
Processador Amd Ryzen 3 3200g 3.6ghz Cache 6mb Yd3200c5fhbox;4;4;999.9;2019;AMD;1
Processador Amd Fx 6300 3.5ghz 6 Nucleos + Pasta Térmica;6;4.1;340;2012;AMD;1
Processador Amd A8 9600 3.1ghz 2mb/l2 4c Radeon R7 Am4;4;3.4;565.89;2016;AMD;1
Amd A6-7480 Dual Core 3.8ghz Fm2+ Radeon R5 Graphics;2;3.8;265;2014;AMD;1
Amd A8 9600 - 3.1ghz - Quad-core;4;3.4;389.88;2016;AMD;1
Processador Amd Athlon Ii X4 610e 2,4 Ghz / Am3;4;2.4;169.49;2010;AMD;1
Processador Gamer Amd Ryzen 9 3900xde 24 Thread;12;4.6;4618;2019;AMD;1
Processador Amd Fusion A6 7480 3.8ghz 1mb R5 Graphics Fm2+;2;3.8;399;2014;AMD;1
Processador Amd Ryzen 5 3600 3.6ghz(4.2ghz Max) 32mb Am4;6;4.2;1804.46;2019;AMD;1
Processador Amd Athlon X2 7750 Am2 Am2+ Com Cooler E Gd900;2;2.7;219.99;2008;AMD;1
Processador Amd Athlon X2 7750 Am2 + Cpu Cooler Gamer Rgb;2;2.7;209.99;2008;AMD;1
Processador Am4 3200g Ryzen 3 Cache 4mb 3.6ghz 4ghz Maxturbo;4;4;1017.05;2019;AMD;1
Processador Amd Ryzen 7 2700x 20mb Am4 Cooler Rgb 4.35ghz;8;4.3;2599.9;2018;AMD;1
Processador Amd Athlon X2 7750 Am2 + Cpu Cooler Gamer Rgb;2;2.7;209.99;2008;AMD;1
Processador Am4 3200g Ryzen 3 Cache 4mb 3.6ghz 4ghz Maxturbo;4;4;1017.05;2019;AMD;1
Processador Amd Ryzen 7 2700x 20mb Am4 Cooler Rgb 4.35ghz;8;4.3;2599.9;2018;AMD;1
Processador Amd Ryzen 3 3200g 6mb 3.6 - 4.0ghz Am4;4;4;920;2019;AMD;1
Processador Gamer Amd Ryzen 5 3600 100-100000031box De 6 Núc;6;4.2;1699.9;2019;AMD;1
Processador Gamer Amd Ryzen 3 3200g Yd3200c5fhbox;4;4;935;2019;AMD;1
Processador Amd Phenom Ii X4 955 (3.2ghz) Socket Am2+ Am3;4;3.2;279;2010;AMD;1
Processador Amd A8 9600 Bristol Ridge, Am4 - Ad9600agabbox;4;3.4;559;2016;AMD;1
Processador Amd Ryzen 5 3600xt 4,5ghz 6core 100-100000281box;6;4.5;2325.95;2020;AMD;1
Processador Amd A10-7890k + Cooler;4;4.3;750;2016;AMD;1
Processador Amd A4 5300 Socket Fm2 + Cpu Cooler Gamer Rgb;2;3.6;239.99;2012;AMD;1
Processador Gamer Amd Ryzen 3 3200g Yd3200c5fhbox  Lacrado;4;4;1090;2019;AMD;1
Processador Amd Ryzen 7 2700x, Cooler Wraith Prism, Cache 20;8;4.3;2399.9;2018;AMD;1
Processador Amd A6-7480 3.8ghz Fm2+ 65w Ad7480acabbox;2;3.8;389.9;2014;AMD;1
Processador Gamer Amd Ryzen 5 5600x Ddr4 Am4 Com Cooler;6;4.6;2799.9;2020;AMD;1
Proc Amd Ryzen3 Pro 3200ge 3.8ghzturbo+radeon Vega 8 Gamer!!;4;4;929.67;2019;AMD;1
Processador Gamer Amd Ryzen 5 5600x Ddr4 Am4 Com Cooler;6;4.6;2780;2020;AMD;1
Processador Amd Ryzen 5 3600 Cache 32mb 3.6ghz 4.2ghz Maximo;6;4.2;1882.44;2019;AMD;1
Processador Amd Ryzen 5 3400g Cache 6mb 3.7ghz Am4 Vega 11;4;4.2;1504.97;2019;AMD;1
Amd Sempron Le-1250 2.20ghz Am2, Ht 800mhz, 512kb Cache 64bi;1;2.2;99;2005;AMD;1
Processador Amd Am4 Ryzen 5 2400g 3.9ghz Cooler Radeon Vega;4;3.9;1299.01;2018;AMD;1
Processador Amd Athlon X2 7750 2,70ghz 1mb Socket Am2 Am2+;2;2.7;129.99;2008;AMD;1
Processador Amd Ryzen5 3600 Am4 Sem Vídeo - 100-100000031box;6;4.2;1882.44;2019;AMD;1
Processador Amd Ryzen 5 3400g 6mb 3.7 -  Am4 4.2ghz;4;4.2;1454.25;2019;AMD;1
Processador Amd Ryzen5 3600 Am4 Sem Vídeo - 100-100000031box;6;4.2;1882.44;2019;AMD;1
Processador Amd Ryzen 5 3400g 6mb 3.7 -  Am4 4.2ghz;4;4.2;1454.25;2019;AMD;1
Processador Amd Ryzen R5 3600 4.2 Ghz Ddr4 Am4 32mb Promoção;6;4.2;1679.9;2019;AMD;1
Processador Amd Athlon 3000g Am4 3.5ghz 4mb Cache;2;3.5;511.84;2019;AMD;1
Processador Amd Ryzen 3 3200g 3.6 Ghz 4mb Socket Am4;4;4;973.45;2019;AMD;1
Processador Amd Am3 Athlon X3 445 3.1 Ghz 3 Núcleos, Novo!;3;3.4;149;2010;AMD;1
Processador Ryzen 5 3400g Ddr4 4.2ghz Am4 6mb Wraith Spire;4;4.2;1615.2;2019;AMD;1
Processador Amd Am2/am3 Athlon Ii X3 445 3.1 Ghz 3 Núcleos;3;3.4;150;2010;AMD;1
Processador Amd Ryzen 5 2400g 3.6ghz Chace 6mb Am4;4;3.9;1198;2018;AMD;1
Processador Amd Athlon X2 3600+ Am2 Socket 940 Ad03600iaa5dd;2;1.9;59;2007;AMD;1
[novo] Processador Amd Ryzen R5 3500x;6;4.1;1130;2019;AMD;1
Processador Amd A6 7480 3.8ghz 1mb Radeon R5 Fm2+ Fm2;2;3.8;290.58;2014;AMD;1
Processador Amd Ryzen 5 3600x Box (am4 / 4.4ghz / 32mb Cache;6;4.4;2099.9;2019;AMD;1
Processador Amd Athlon 1900mhz 64x2 Amdtk57hax4dm;2;1.9;89.9;2005;AMD;1
Processador Amd Ryzen 5 3600 Box (am4 / 3.6ghz A 4.2ghz / 32mb Cache);6;4.2;1679.9;2019;AMD;1
Processador Amd Ryzen 9 3950x Gamer 3.5ghz Envio Imediato;16;4.7;6790;2019;AMD;1
Processador Amd Phenom Ii X2, Hdz555,  3.2 Ghz, Am3;2;3.2;114.49;2010;AMD;1
Processador Amd Ryzen 7 3800x 32mb 3.9ghz (4.5ghz Max Turbo);8;4.5;3285.06;2019;AMD;1
Processador Amd A6-series A6-7480 Imperdível! Frete Grátis;2;3.8;302.9;2014;AMD;1
Processador Amd Ryzen 7 3700x  100-100000071box  Sem Gráfico;8;4.4;3489.99;2019;AMD;1
Processador Amd Athlon 64 X2 Cpu 1.6ghz Ametk42hax5dm;2;1.6;75.9;2005;AMD;1
Processador Amd Ryzen 5 3600 Am4 3.6ghz A 4.2ghz 35mb Cache;6;4.2;1772.99;2019;AMD;1
Processador Amd Ryzen 5 2600 De 6 Núcleos E 3.4ghz;6;3.9;1536.29;2018;AMD;1
Processador Amd Ryzen 3 3200g 3.6ghz Cache 6mb Yd3200c5fhbox;4;4;959;2019;AMD;1
Processado Amd Phenom Ii X4 955 3.20 Ghz 6 Mb Socket Am3;4;3.2;259.99;2010;AMD;1
Amd Ryzen® Threadripper 2950x 16-core 32 Threads 4.4 Turbo;16;4.4;7989.98;2018;AMD;1
Processador Amd Ryzen Threadripper 2990wx Cache 80mb 3ghz;32;4.2;11750;2018;AMD;1
Processador gamer AMD Ryzen 5 2600X YD260XBCAFBOX de 6 núcleos e 3.6GHz de frequência;6;4.2;1878.36;2018;AMD;1
Processador Amd Ryzen 5 3600 Cache 32mb 4.2ghz Am4 S/ Video;6;4.2;1850.23;2019;AMD;1
Processador Amd Ryzen 5 5600x Hexa-core 3.7ghz - 4.6ghz;6;4.6;2670;2020;AMD;1
Processador Amd Ryzen 3 3200g 6mb 3.6 - 4.0ghz Am4;4;4;920;2019;AMD;1
Processador Amd Ryzen 5 3400g 6mb 3.7 - 4.2ghz Am4;4;4.2;1533.25;2019;AMD;1
Processador Amd A6-7480 Dual-core 3.8ghz 1mb Cache Fm2+,;2;3.8;339.9;2014;AMD;1
Processador Amd Ryzen 7 3700x (am4 - 8 Núcleos / 16 Threads;8;4.4;3583.05;2019;AMD;1
Amd Sempron Le-1250 2.20ghz Am2, Ht 800mhz, 512kb Cache 64bi;1;2.2;99;2005;AMD;1
Cpu Amd A6-9500 Am4 Com Vídeo Dedicado Fisicamente Integrado;2;3.8;498;2016;AMD;1
Processador Amd Ryzen 5 2400g 3.60ghz 6mb Am4 Radeon Vega11;4;3.9;1228.9;2018;AMD;1
Ryzen 5 3600x;6;4.4;1465;2019;AMD;1
Processador Amd Am3 Athlon X3 445 3.1 Ghz 3 Núcleos, Novo!;3;3.4;149;2010;AMD;1
Processador Amd A8 9600 (am4) 3.4 Ghz Box - Ad9600agabbox;4;3.4;594.9;2016;AMD;1
Processador Gamer Amd Am4 A12 9800 3.8ghz Quadcore Oem;4;4.2;907;2016;AMD;1
Processador Gamer Ryzen 3 3100 3,9ghz Turbo Am4;4;3.9;899.9;2012;AMD;1
Processador Gamer Ryzen 5 1600 3,6ghz Turbo Am4;6;3.6;899.9;2020;AMD;1
Processador Ryzen 5 1500x Amd Am4;4;3.7;875.1;2017;AMD;1
Processador Gamer Amd Fx 6300 Six Core 3.5ghz + Cooler;6;3.8;525;2012;AMD;1
Processador Gamer Ryzen 5 1400 3,4ghz Turbo Am4;4;3.4;749.9;2017;AMD;1
Processador Fm2 A4-6300 Com Placa De Video Hd8370d Integrada;2;3.6;169;2012;AMD;1
Processador Phenom Xll 3.1 Ghz Am3+ 6mb Cache Turbo;2;3.1;189;2009;AMD;1
Processador gamer Intel Core i9-9900K BX80684I99900K de 8 núcleos e 3.6GHz de frequência com gráfica integrada;8;5;3479;2018;INTEL;2
Processador gamer Intel Core i7 10700K BX8070110700K de 8 núcleos e 3.8GHz de frequência com gráfica integrada;8;5.1;3035;2020;INTEL;2
Processador gamer Intel Core i9 10900F BX8070110900F de 10 núcleos e 2.8GHz de frequência;10;5.2;3690.01;2020;INTEL;2
Processador gamer Intel Core i7-9700K BX80684I79700K de 8 núcleos e 3.6GHz de frequência com gráfica integrada;8;4.9;3065.33;2018;INTEL;2
Processador gamer Intel Core i7-10700 BX8070110700 de 8 núcleos e 2.9GHz de frequência com gráfica integrada;8;4.8;3058;2020;INTEL;2
Processador gamer Intel Core i9 10900 BX8070110900 de 10 núcleos e 2.8GHz de frequência com gráfica integrada;10;5.2;3915.73;2020;INTEL;2
Processador gamer Intel Core i9 10900K BX8070110900K de 10 núcleos e 3.7GHz de frequência com gráfica integrada;10;5.3;4202.66;2020;INTEL;2
Processador gamer Intel Core i9 9900 BX80684I99900 de 8 núcleos e 3.1GHz de frequência com gráfica integrada;8;5;3129.49;2019;INTEL;2
Processador gamer Intel Core i7-9700KF BX80684I79700KF de 8 núcleos e 3.6GHz de frequência;8;4.9;3009.42;2019;INTEL;2
Processador gamer Intel Core i9 10850K BX8070110850K de 10 núcleos e 3.6GHz de frequência com gráfica integrada;10;5.2;3390;2020;INTEL;2
Processador gamer Intel Core i9 10900KF BX8070110900KF de 10 núcleos e 3.7GHz de frequência;10;5.3;4169;2020;INTEL;2
Processador gamer Intel Core i9 10850K Avengers Edition BX8070110850KA de 10 núcleos e 3.6GHz de frequência com gráfica integrada;10;5.2;4199.49;2020;INTEL;2
Processador gamer Intel Core i7 10700K Avengers Edition BX8070110700KA de 8 núcleos e 3.8GHz de frequência com gráfica integrada;8;5.1;3526.6;2020;INTEL;2
Processador gamer Intel Core i9-9900KF BX80684I99900KF de 8 núcleos e 3.6GHz de frequência;8;5;3804.78;2019;INTEL;2
Processador gamer Intel Core i9-9900K CM8068403873914 de 8 núcleos e 3.6GHz de frequência com gráfica integrada;8;5;4229;2018;INTEL;2
Processador Intel Core 10700F BX8070110700F de 8 núcleos e 2.9GHz de frequência;8;4.8;3099.49;2020;INTEL;2
Processador Intel Core i7-9700 BX80684I79700 de 8 núcleos e 3GHz de frequência com gráfica integrada;8;4.7;3070;2019;INTEL;2
Processador Core I9 Lga 1200 Intel Deca Core I9-10850k 3,60g;10;5.2;3500;2020;INTEL;2
Processador Intel Core I9 9900k Coffee Lake Refresh 9ª Ger I;8;5;3315.51;2018;INTEL;2
Processador Gamer Intel Core I7 9700kf 9ª Geração Lga1151;8;4.9;3243;2019;INTEL;2
Processador Intel Core I9 10900kf Cache 20mb 3.7ghz Lga 1200;10;5.3;4609;2020;INTEL;2
Processador Intel 9ª Ger Core I9 9900k Coffee Lake Refresh I;8;5;3520.79;2018;INTEL;2
Processador Intel Core I7-9700k  Coffee Lake Refresh;8;4.9;3590.99;2018;INTEL;2
Intel Core I7-9700k 8 Núcleos De 4.9 Ghz Lga1151 Desbloquea;8;4.9;3346.01;2018;INTEL;2
Processador Core I9 Lga 1200 Intel Deca Core I9-10850k 3,60g;10;5.2;3500;2020;INTEL;2
Processador Gamer Intel Core I9 10850k Avengers Edition;10;5.2;4199.49;2020;INTEL;2
Processador Intel Core I7-9700k 12mb 3.6 - 4.9ghz Lga 1151;8;4.9;3339.9;2018;INTEL;2
Processador gamer Intel Core i9 9900 BX80684I99900 de 8 núcleos e 3.1GHz de frequência com gráfica integrada;8;5;3129.49;2019;INTEL;2
Processador Intel Core I7-9700 4.9ghz 12mb 1151 Com Vídeo;8;4.7;3070;2019;INTEL;2
Processador gamer Intel Core i7 10700K Avengers Edition BX8070110700KA de 8 núcleos e 3.8GHz de frequência com gráfica integrada;8;5.1;3526.6;2020;INTEL;2
Intel® Core I7 9700kf Lga1151 9ª Bx80684i79700kf Sem Cooler;8;4.9;3039.99;2019;INTEL;2
Processador Core I9-9900kf 3.6 Ghz (5.0 Ghz Turbo) Intel;8;5;3563.93;2019;INTEL;2
Processador Intel Core I7-8700k Cache 12mb 3.7ghz Lga 1151;6;4.7;3045.9;2017;INTEL;2
Processador Intel Core I7-9700k  Coffee Lake Refresh;8;4.9;3590.99;2018;INTEL;2
Intel® Core I7 9700kf Lga1151 9ª Bx80684i79700kf Sem Cooler;8;4.9;3039.99;2019;INTEL;2
Processador Intel Lga 1151 Core I7 9700 3,00 Ghz 12mb;8;4.7;3187.37;2019;INTEL;2
Processador Intel Core I7 9700k 3,60 Ghz 12mb Cache Lga 1151;8;4.9;3269;2018;INTEL;2
Processador gamer Intel Core i9-9900K CM8068403873914 de 8 núcleos e 3.6GHz de frequência com gráfica integrada;8;5;4229;2018;INTEL;2
Processador Core I9-10900kf 3.70ghz (5.30ghz Turbo) Intel;10;5.3;4894.73;2020;INTEL;2
Processador Intel I9-9900k 16mb 3.6 - 5ghz Lga 1151;8;5;4469.9;2018;INTEL;2
Processador Intel Core I7 10700 2.9 Ghz 16mb 16 Threads;8;4.8;3049.01;2020;INTEL;2
Processador Intel Core I7-9700k 12mb 3.6 - 4.9ghz Lga 1151;8;4.9;3206.3;2018;INTEL;2
Processador Intel Core 10°geraçao I9 10900f;10;5.2;4379;2020;INTEL;2
Processador Intel Core 10700f Décima Geração Intel 10º Gen.;8;4.8;3099.49;2020;INTEL;2
Processador Core I9-9900 3.10ghz 16mb 5.00ghz Turbo Intel;8;5;3377.64;2019;INTEL;2
Processador gamer Intel Core i9-9900K CM8068403873914 de 8 núcleos e 3.6GHz de frequência com gráfica integrada;8;5;4229;2018;INTEL;2
Processador Intel I9 9980xe Extreme Edition C/nota E Garanti;18;4.2;7990;2018;INTEL;2
Processador Core I7-10700k 3.80ghz Lga1200 10°geração Intel;8;5.1;3790.05;2020;INTEL;2
Processador Intel Core 10700f Décima Geração Intel 10º Gen.;8;4.8;3099.49;2020;INTEL;2
Processador Intel Core I9-10900 2,80gb 20mb C/ Vídeo 10gera;10;5.2;4186.85;2020;INTEL;2
Processador Gamer Intel Core I9 10900f 2.8ghz;10;5.2;4379;2020;INTEL;2
Processador Gamer Intel Core I9 10900k Bx8070110900k;10;5.3;4648.5;2020;INTEL;2
Processador Gamer Intel Core I9 9900 3.1ghz;8;5;3959;2019;INTEL;2
Processador Intel Core I7-10700;8;4.8;3100;2020;INTEL;2
Processador Intel Lga 1151 Core I7 9700 3,00 Ghz 12mb;8;4.7;3187.37;2019;INTEL;2
Processador Intel Lga 1200 Core I7 10700 2,90 Ghz 16mb 10º;8;4.8;3753.34;2020;INTEL;2
Processador Intel Core I7 10700f, 16mb, 2.9ghz, Lga 1200;8;4.8;3787.48;2020;INTEL;2
Processador Intel Core I7-10700k 16mb 3.8ghz - 5.1ghz;8;5.3;3743.9;2020;INTEL;2
Processador Intel Core I9 9900k 3.60ghz (5.0ghz Turbo) 9ª Ge;8;5;3499;2018;INTEL;2
Processador Intel Core I7 9700k 3,60 Ghz 12mb Cache Lga 1151;8;4.9;3269;2018;INTEL;2
Processador Intel Core I7-9700k Coffe Lake Lga1151;8;4.9;3913.05;2018;INTEL;2
Processador Intel Core I7-9700k 3.6ghz 12mb Bx80684i79700k;8;4.9;3510.75;2018;INTEL;2
Processador Core I7 Lga 1200 Intel Bx8070110700ka Octa Core;8;5.1;3652.55;2020;INTEL;2
Processador Intel I9-9900k 16mb 3.6 - 5ghz Lga 1151;8;5;3399;2018;INTEL;2
Processador Intel Core I7 10700 Lga 1200 16mb 2.9ghz;8;4.8;3161.25;2020;INTEL;2
Processador Intel Core 10° Geraçao I7 10700k;8;5.1;4379;2020;INTEL;2
Processador Intel I7 10700k 3.8ghz Lga 1200 Bx8070110700k;8;5.1;3555.01;2020;INTEL;2
Processador Gamer Intel Core I7-9700k Bx80684i79700k;8;4.9;3999;2018;INTEL;2
Processador Intel Lga 1200 Core I7 10700 2,90 Ghz 16mb 10º;8;4.8;3753.34;2020;INTEL;2
Processador Intel Core I9-9900k, 3.6ghz, 16mb Cache Lga 1151;8;5;3840.5;2018;INTEL;2
Intel® Core I7 10700 - Lga 1200 10ª Geração - Bx8070110700;8;4.8;3479.99;2020;INTEL;2
Processador Intel Core I9-10900 2,80gb 20mb C/ Vídeo 10gera;10;5.2;4186.85;2020;INTEL;2
Processador Intel 9°geraçao I9 9900k;8;5;4229;2018;INTEL;2
Processador Intel Core I9-10900f 2.8ghz Cache 20mb Lga 1200;10;5.2;3956.45;2020;INTEL;2
Processador Lga 1151 Gamer Intel Core I9-9900k;8;5;3405.99;2018;INTEL;2
Processador Intel Core I7-10700k 16mb 3.8ghz - 5.1ghz;8;5.3;3899.9;2020;INTEL;2
Processador Core I7-10700 2.90ghz (4.80ghz Turbo) Intel;8;4.8;3014.42;2020;INTEL;2
Processador Intel Core I9-10900f 2.8ghz Lga 1200 Cache 20mb;10;5.2;3833.45;2020;INTEL;2
Processador Core I7 9700k 3.6 Ghz Lga 1151 Intel;8;4.9;3065.33;2018;INTEL;2
Processador Intel Core I9-9900k 8core Até 5.0ghz Turbo;8;5;3894.9;2018;INTEL;2
Processador Intel Core I7-10700;8;4.8;3100;2020;INTEL;2
Processador Intel Core I7-9700k 3.6ghz 12mb Bx80684i79700k;8;4.9;3510.75;2018;INTEL;2
Processador Intel 9900k Core I9 (1151) 3.60 Ghz Box - Bx806;8;5;4229;2018;INTEL;2
Processador Intel Core I9-10900 2,80gb 20mb C/ Vídeo 10gera;10;5.2;4186.85;2020;INTEL;2
Processador Gamer Intel Core I9 10900f 2.8ghz;10;5.2;4379;2020;INTEL;2
Processador Intel Core I9 9900k 3.60ghz (5.0ghz Turbo) 9ª Ge;8;5;3499;2018;INTEL;2
Processador Intel I9-9900k 16mb 3.6 - 5ghz Lga 1151;8;5;4291.1;2018;INTEL;2
Processador Intel Core I7 9700k Gamer 9gen 4.9ghz Ddr4, 1151;8;4.9;3228;2018;INTEL;2
Processador Intel Core I7-10700 Box (lga 1200 / 8 Cores / 16;8;4.8;3099.9;2020;INTEL;2
Processador Core I7-10700k 3.80ghz Lga1200 10°geração Intel;8;5.1;3790.05;2020;INTEL;2
Processador Core I7-10700k 3.80ghz 16mb Lga1200 Intel;8;5.1;3790.05;2020;INTEL;2
Processador Intel Core I7-9700k Coffee Lake Lga1151 Bx80684i;8;4.9;3122.92;2018;INTEL;2
Processador Intel I7 10700 F Box Décima Geração;8;4.8;3199;2020;INTEL;2
Processador Intel Core I7-10700ka Box Avengers (lga 1200 / 3;8;5.1;3449.9;2020;INTEL;2
Processador Intel Core I9-10900f, Cache 20mb, 2.8ghz;10;5.2;4231.5;2020;INTEL;2
Processador Gamer Intel Core I9 10900f 2.8ghz;10;5.2;4379;2020;INTEL;2
Processador Intel Core I7-10700k Box Lga 1200 8 Cores 8 Thre;8;5.1;3589;2020;INTEL;2
Processador Intel Core I7-10700ka 3.8ghz 16mb Bx8070110700ka;8;5.1;4179.05;2020;INTEL;2
Processador Intel Core I7-9700k Coffe Lake Lga1151;8;4.9;4119;2018;INTEL;2
Processador Intel Core I9-10900 20mb 5.2ghz - Bx8070110900;10;5.2;4210.01;2020;INTEL;2
Processador Intel I7 10700k 3.8ghz Lga 1200 Bx8070110700k;8;5.1;3357.01;2020;INTEL;2
Intel Core I7-9700k 8 Núcleos De 4.9 Ghz Lga1151 Desbloquea;8;4.9;3161.01;2018;INTEL;2
Processador Intel Core I7 10700 2.9ghz 16mb Lga1200;8;4.8;3265.72;2020;INTEL;2
Processador Intel Lga 1151 Core I7 9700 3,00 Ghz 12mb;8;4.7;3187.37;2019;INTEL;2
Processador Intel Core I9-10900k Cache 20mb 3.7ghz Lga 1200;10;5.3;4300;2020;INTEL;2
Processador Intel Core I9 9900k 3,6 Ghz 9º Ger Bx80684i99900;8;5;4315.9;2018;INTEL;2
Processador Intel Core I7-9700kf 3.6ghz 12mb 9º Ger Lga 1151;8;4.9;3042.31;2019;INTEL;2
Processador Intel Core I7 10700k 3.8ghz Com Vídeo Integrado;8;5.1;3041;2020;INTEL;2
Processador Gamer Intel Core I9 10900k Bx8070110900k;10;5.3;4229.5;2020;INTEL;2
Processador gamer Intel Core i7-8700 BX80684I78700 de 6 núcleos e 3.2GHz de frequência com gráfica integrada;6;4.6;2299;2017;INTEL;2
Processador Intel Core I9-10900f 2.8ghz Cache 20mb Lga 1200;10;5.2;3833.45;2020;INTEL;2
Processador Gamer Intel Core I7 10700k Bx8070110700k De 8 Nú;8;5.1;3270;2020;INTEL;2
Processador Intel Core I9-10900 2,80gb 20mb C/ Vídeo 10gera;10;5.2;3949.86;2020;INTEL;2
Processador Gamer Intel Core I9-9900k 3.6ghz Bx80684i99900k;8;5;3299;2018;INTEL;2
Processador Intel Core I9-9900k Box Lga 1151  3.6ghz 16mb I9 9900k Nf;8;5;3689;2018;INTEL;2
Processador Gamer Intel Core I7 10700k 3.8ghz Bx8070110700k;8;5.1;3039;2020;INTEL;2
Processador Intel Core I9 10900f 20mb 2.8ghz 3267 Lga 1200;10;5.2;4278.14;2020;INTEL;2
Processador Intel Core I9 10900f 20mb 2.8ghz 3267 Lga 1200;10;5.2;4004.95;2020;INTEL;2
Processador Intel Core I7-10700k 10°g, 3.8ghz, 16mb, Lga1200;8;5.1;3799;2020;INTEL;2
Processador Intel Core I7-10700ka 3,80ghz 16mb Cache Lga1200;8;5.1;4534.2;2020;INTEL;2
Processador gamer AMD Ryzen 7 3800X 100-100000025BOX de 8 núcleos e 3.9GHz de frequência;8;4.5;3060;2019;AMD;2
Processador gamer AMD Ryzen 9 3900X 100-100000023BOX de 12 núcleos e 3.8GHz de frequência;12;4.6;4590;2019;AMD;2
Processador gamer AMD Ryzen 7 3700X 100-100000071BOX de 8 núcleos e 3.6GHz de frequência;8;4.4;3304;2019;AMD;2
Processador AMD Ryzen 9 3950X 100-100000051WOF de 16 núcleos e 3.5GHz de frequência;16;4.7;6790;2019;AMD;2
Processador Amd Ryzen 7 5800x 100-100000063wof 8 Nucleos;8;4.7;3550;2020;AMD;2
Processador Amd Ryzen 7 3700x 32mb 3.6ghz 100-100000071box;8;4.4;3269.97;2019;AMD;2
Processador Amd Ryzen 7 5800x 3.8ghz - 4.7ghz Cache 36mb Am4;8;4.7;4379;2020;AMD;2
Processador Amd Ryzen 7 3800x 100-100000025box 3.9ghz;8;4.5;3200;2019;AMD;2
Processador Gamer Amd Ryzen 7 3700x 100-100000071box;8;4.4;3000;2019;AMD;2
Amd Ryzen® Threadripper 2970wx 24-core 48 Threads 4.2 Turbo;24;4.2;9898.98;2018;AMD;2
Amd Ryzen® Threadripper 2950x 16-core 32 Threads 4.4 Turbo;16;4.4;7989.98;2018;AMD;2
Processador Amd Ryzen 9 5900x 12 Cores 3.7ghz (4.8ghz Turbo);12;4.8;4894.01;2020;AMD;2
Processador Amd Ryzen 7 5800x 3.8ghz 36mb 105w Am4;12;4.7;3962.66;2020;AMD;2
Processador Amd Ryzen 7 3800x Box (am4 / 8 Cores / 16 Thread;12;4.5;3199.9;2019;AMD;2
Processador Gamer Amd Ryzen 9 3900x  12 Núcleos E 3.8ghz;12;4.6;4590;2019;AMD;2
Processador Ryzen 9 3900x 3.8 Ghz/4.6 Ghz Am4 Amd;12;4.6;4747.44;2019;AMD;2
Processador AMD Ryzen 9 3950X 100-100000051 de 16 núcleos e 3.5GHz de frequência;16;4.7;6790;2019;AMD;2
Processador gamer AMD Ryzen Threadripper 2990WX YD299XAZAFWOF de 32 núcleos e 3GHz de frequência;32;4.2;15320;2018;AMD;2
Processador AMD Ryzen Threadripper 3960X 100-100000010WOF de 24 núcleos e 3.8GHz de frequência;24;4.5;9690;2019;AMD;2
Amd Ryzen® Threadripper 2950x 16-core 32 Threads 4.4 Turbo;16;4.4;7989.98;2018;AMD;2
Processador Amd Ryzen Threadripper 2990wx;32;4.2;15320;2018;AMD;2
Processador Amd Ryzen Threadripper 2990wx Cache 80mb 3ghz;32;4.2;11750;2018;AMD;2
Processador Gamer Amd Ryzen 7 3800x 100-100000025box De 8 Nú;8;4.5;3039;2019;AMD;2
Processador gamer AMD Ryzen Threadripper 2990WX YD299XAZAFWOF de 32 núcleos e 3GHz de frequência;32;4.2;15320;2018;AMD;2
Processador Ryzen 9 3900x 3.8 Ghz (4.6 Ghz Turbo) Amd;12;4.6;4446.6;2019;AMD;2
Processador Amd Am4 Ryzen 7 3700x 3.6 Ghz Octacore Oem;8;4.4;3639;2019;AMD;2
Processador Amd Ryzen 9 5900x 12 Cores 3.7ghz (4.8ghz Turbo);12;4.8;5182.01;2020;AMD;2
Processador Amd Ryzen 7 3700x 32mb 3.6ghz 100-100000071box;12;4.4;3099.97;2019;AMD;2
Processador Amd Ryzen 7 3800x 3.9ghz 36mb Am4 Prism Cooler;8;4.5;3086.65;2019;AMD;2
Processador Amd Ryzen 7 3800xt De 8 Núcleos E 3.9ghz;8;4.7;3080;2020;AMD;2
Processador Amd Ryzen 7 3800x Box (am4 / 8 Cores / 16 Thread;8;4.5;3099.9;2019;AMD;2
Processador Amd Ryzen 7 3800x 32mb 3.9ghz (4.5ghz Max Turbo);8;4.5;3100.51;2019;AMD;2
Processador Ryzen 7 3700x 3.6 Ghz / 4.4 Ghz Am4 32 Mb Amd;8;4.4;3095.01;2019;AMD;2
Amd Ryzen 7 5800x, Cache 36mb, 3.8ghz (4.7ghz Max Turbo) Am4;8;4.7;3500;2020;AMD;2
Processador Amd Am4 Ryzen 7 3700x 3.6 Ghz Octacore Oem;8;4.4;3429;2019;AMD;2
